latitude,longitude,MAG,DEPTH,LOCATION,IRIS_ID,DATE and TIME (UTC)?
-21.26,-68.68,4.7,123,CHILE-BOLIVIA BORDER REGION,??11013319,2019-03-11 3:33
-5.91,130.61,4.4,97,BANDA SEA,??11013318,2019-03-11 3:17
-31.65,58.11,5.1,10,SOUTHWEST INDIAN RIDGE,??11013316,2019-03-11 3:15
11.76,93.67,4.5,111,"ANDAMAN ISLANDS, INDIA REGION",??11013288,2019-03-11 1:14
59.77,-141.6,4.7,9,SOUTHEASTERN ALASKA,??11013275,2019-03-11 0:07
59.83,-141.66,4.4,18,SOUTHEASTERN ALASKA,??11013248,2019-03-10 22:40
59.62,-153.34,4.3,123,SOUTHERN ALASKA,??11013234,2019-03-10 21:44
-22.98,-178.43,4.9,399,SOUTH OF FIJI ISLANDS,??11013212,2019-03-10 19:35
15.98,-93.69,4.4,107,"NEAR COAST OF CHIAPAS, MEXICO",??11013208,2019-03-10 19:17
58.24,-31.69,4.5,10,REYKJANES RIDGE,??11013218,2019-03-10 19:13
36.75,142.45,5,10,"OFF EAST COAST OF HONSHU, JAPAN",??11013205,2019-03-10 18:43
-35.13,53.74,4.8,10,SOUTHWEST INDIAN RIDGE,??11013203,2019-03-10 18:34
58.34,-31.96,5.9,10,REYKJANES RIDGE,??11013200,2019-03-10 18:04
58.5,-31.68,5.5,10,REYKJANES RIDGE,??11013196,2019-03-10 17:58
36.99,142.27,4.7,10,"OFF EAST COAST OF HONSHU, JAPAN",??11013216,2019-03-10 17:39
36.8,142.45,5.1,10,"OFF EAST COAST OF HONSHU, JAPAN",??11013191,2019-03-10 17:24
-5.22,146.18,5,41,"EASTERN NEW GUINEA REG., P.N.G.",??11013190,2019-03-10 17:21
36.85,142.37,5.8,15,"OFF EAST COAST OF HONSHU, JAPAN",??11013189,2019-03-10 17:10
58.46,-31.88,5.2,10,REYKJANES RIDGE,??11013175,2019-03-10 16:23
-10.02,151.92,4.9,10,D'ENTRECASTEAUX ISLANDS REGION,??11013173,2019-03-10 15:54
-20.97,-176.36,4.5,215,FIJI ISLANDS REGION,??11013171,2019-03-10 15:21
-35.21,53.93,5.4,10,SOUTHWEST INDIAN RIDGE,??11013146,2019-03-10 13:18
-25.77,-70.6,4.8,35,NEAR COAST OF NORTHERN CHILE,??11013142,2019-03-10 13:08
-10.14,152.05,6.1,10,D'ENTRECASTEAUX ISLANDS REGION,??11013140,2019-03-10 12:48
18.95,39.4,4.6,10,RED SEA,??11013138,2019-03-10 12:32
-21.44,-66.84,4.3,229,SOUTHERN BOLIVIA,??11013133,2019-03-10 11:55
52.73,-114.94,4.3,10,"ALBERTA, CANADA",??11013168,2019-03-10 10:00
44.15,148.3,5.1,39,KURIL ISLANDS,??11013120,2019-03-10 9:52
27.89,140.06,4.3,348,"BONIN ISLANDS, JAPAN REGION",??11013121,2019-03-10 9:44
-9.56,112.66,5,66,"SOUTH OF JAVA, INDONESIA",??11013118,2019-03-10 9:21
-17.85,-178.64,4.8,570,FIJI ISLANDS REGION,??11013110,2019-03-10 8:23
-17.83,-178.66,6.2,567,FIJI ISLANDS REGION,??11013103,2019-03-10 8:12
-3.26,90.29,5.5,10,SOUTH INDIAN OCEAN,??11013097,2019-03-10 7:53
17.59,-96.68,4.3,76,"OAXACA, MEXICO",??11013089,2019-03-10 6:16
69.62,-145.53,4.3,14,NORTHERN ALASKA,??11013066,2019-03-10 4:07
-15.33,-72.44,4.5,108,SOUTHERN PERU,??11013065,2019-03-10 3:41
-30.37,-72.21,4.5,10,OFF COAST OF CENTRAL CHILE,??11013063,2019-03-10 3:09
-6.18,130.1,4.6,145,BANDA SEA,??11013059,2019-03-10 2:18
13.97,144.55,4.4,188,MARIANA ISLANDS,??11013030,2019-03-09 23:13
5.32,94.31,4.4,57,"NORTHERN SUMATRA, INDONESIA",??11013027,2019-03-09 22:42
-31.44,-70.13,4.8,116,CHILE-ARGENTINA BORDER REGION,??11013011,2019-03-09 20:45
-32.26,-179.11,4.9,10,SOUTH OF KERMADEC ISLANDS,??11012994,2019-03-09 16:25
-30.66,-71.53,4.5,52,NEAR COAST OF CENTRAL CHILE,??11013002,2019-03-09 15:22
17.48,-100.29,4.7,69,"GUERRERO, MEXICO",??11012966,2019-03-09 14:00
-5.04,151.87,4.8,110,"NEW BRITAIN REGION, P.N.G.",??11012962,2019-03-09 13:29
37.65,72.22,4.2,169,TAJIKISTAN,??11012955,2019-03-09 13:06
-7.57,128.32,4.7,152,BANDA SEA,??11012950,2019-03-09 12:33
55.27,-134.92,4.9,28,SOUTHEASTERN ALASKA,??11012941,2019-03-09 11:11
29.34,139.5,4.5,395,"SOUTHEAST OF HONSHU, JAPAN",??11012934,2019-03-09 10:07
-19.94,-69.07,4.4,100,NORTHERN CHILE,??11012936,2019-03-09 6:16
30.49,142.18,4.8,10,"SOUTHEAST OF HONSHU, JAPAN",??11012877,2019-03-09 3:07
-54.4,143.79,4.8,10,WEST OF MACQUARIE ISLAND,??11012869,2019-03-09 2:20
-30.22,-71.39,4.6,44,NEAR COAST OF CENTRAL CHILE,??11012867,2019-03-09 2:16
52.6,-175.68,4.1,223,"ANDREANOF ISLANDS, ALEUTIAN IS.",??11012864,2019-03-09 1:16
23.79,126.7,4.2,10,SOUTHEAST OF RYUKYU ISLANDS,??11012853,2019-03-09 0:08
18.11,40.12,4.6,10,RED SEA,??11012800,2019-03-08 17:20
52.1,177.73,4.2,35,"RAT ISLANDS, ALEUTIAN ISLANDS",??11012753,2019-03-08 16:20
35.32,136.71,4.5,44,"WESTERN HONSHU, JAPAN",??11013235,2019-03-08 16:08
10.39,126.08,6,54,PHILIPPINE ISLANDS REGION,??11012721,2019-03-08 15:06
7.14,125.01,4.5,29,"MINDANAO, PHILIPPINES",??11013233,2019-03-08 14:48
-32.42,-175.99,5,10,SOUTH OF KERMADEC ISLANDS,??11012704,2019-03-08 12:51
-32.19,-178.13,5,10,SOUTH OF KERMADEC ISLANDS,??11012694,2019-03-08 11:57
13.91,-91.23,4.1,37,NEAR COAST OF GUATEMALA,??11012689,2019-03-08 11:07
-7.8,118.98,4.5,10,FLORES SEA,??11012683,2019-03-08 9:38
-3.92,139.92,5.2,10,"IRIAN JAYA, INDONESIA",??11012656,2019-03-08 5:32
54.36,159.76,4.4,108,NEAR EAST COAST OF KAMCHATKA,??11012628,2019-03-08 2:47
22.45,121.41,5.4,10,TAIWAN REGION,??11012618,2019-03-08 2:32
13.74,-91.3,4.3,10,NEAR COAST OF GUATEMALA,??11012616,2019-03-08 2:07
-2.42,140.26,4.6,10,NEAR NORTH COAST OF IRIAN JAYA,??11012529,2019-03-07 22:23
58.6,-155.15,4.8,136,ALASKA PENINSULA,??11012523,2019-03-07 22:11
48.44,153.09,4.9,128,KURIL ISLANDS,??11012492,2019-03-07 20:16
23.98,99.39,4.4,10,MYANMAR-CHINA BORDER REGION,??11012524,2019-03-07 19:37
54.78,-164.8,4.7,167,"UNIMAK ISLAND REGION, ALASKA",??11012440,2019-03-07 16:29
-32.47,-178.4,5.7,21,SOUTH OF KERMADEC ISLANDS,??11012435,2019-03-07 16:29
35.57,31.09,4.5,43,CYPRUS REGION,??11012784,2019-03-07 16:25
-29.46,-72.67,5.7,17,OFF COAST OF CENTRAL CHILE,??11012422,2019-03-07 15:34
-32.6,-177.05,5.5,10,SOUTH OF KERMADEC ISLANDS,??11012420,2019-03-07 15:27
-32.28,-178.13,4.9,10,SOUTH OF KERMADEC ISLANDS,??11012408,2019-03-07 13:02
30.43,141.4,4.8,47,"SOUTHEAST OF HONSHU, JAPAN",??11012392,2019-03-07 11:31
-22.04,-175.5,4.8,10,TONGA ISLANDS REGION,??11012384,2019-03-07 10:59
38.67,69.87,4.7,10,TAJIKISTAN,??11012381,2019-03-07 10:56
51.73,-175.29,5.1,41,"ANDREANOF ISLANDS, ALEUTIAN IS.",??11012368,2019-03-07 9:46
-26.48,27.56,4.8,10,SOUTH AFRICA,??11012366,2019-03-07 9:32
-8.15,108.52,4.6,102,"JAVA, INDONESIA",??11012355,2019-03-07 8:43
28.55,69.58,4.4,10,PAKISTAN,??11012333,2019-03-07 6:44
-30.1,-71.34,4.4,67,NEAR COAST OF CENTRAL CHILE,??11012517,2019-03-07 6:34
-18.83,-69.4,5,111,NORTHERN CHILE,??11012319,2019-03-07 5:50
-38.54,-68.88,4.4,16,SOUTHERN ARGENTINA,??11012388,2019-03-07 5:10
-6.34,-79.23,5.2,61,NEAR COAST OF NORTHERN PERU,??11012302,2019-03-07 4:05
13.45,-44.67,4.9,10,NORTHERN MID-ATLANTIC RIDGE,??11012299,2019-03-07 3:53
20.88,120.33,4.9,10,PHILIPPINE ISLANDS REGION,??11012304,2019-03-07 3:49
-32.17,-178.13,5,35,SOUTH OF KERMADEC ISLANDS,??11012284,2019-03-07 2:27
2.1,126.66,5,44,NORTHERN MOLUCCA SEA,??11012162,2019-03-06 23:56
-32.16,-177.7,5.1,10,SOUTH OF KERMADEC ISLANDS,??11012121,2019-03-06 21:42
17.95,40.2,4.5,10,RED SEA,??11012658,2019-03-06 21:33
66.31,-157.19,5.2,9,NORTHERN ALASKA,??11012117,2019-03-06 21:33
17.92,40.14,4.7,10,RED SEA,??11012133,2019-03-06 21:24
-32.26,-177.78,5.7,7,SOUTH OF KERMADEC ISLANDS,??11011957,2019-03-06 20:19
17.91,40.24,5,10,RED SEA,??11011950,2019-03-06 19:54
23.13,143.85,5,8,"VOLCANO ISLANDS, JAPAN REGION",??11011945,2019-03-06 19:29
38.71,141.76,4.9,63,"NEAR EAST COAST OF HONSHU, JAPAN",??11011947,2019-03-06 19:26
-4.12,142.92,5.6,129,"NEW GUINEA, PAPUA NEW GUINEA",??11011931,2019-03-06 18:47
38.84,141.89,4,55,"NEAR EAST COAST OF HONSHU, JAPAN",??11011943,2019-03-06 18:43
55.23,164.43,4.7,10,KOMANDORSKIYE OSTROVA REGION,??11012181,2019-03-06 16:30
-31.89,-177.93,5,10,KERMADEC ISLANDS REGION,??11011901,2019-03-06 15:59
-32.03,-177.88,6.4,29,SOUTH OF KERMADEC ISLANDS,??11011889,2019-03-06 15:46
3.54,126.99,5.1,48,"TALAUD ISLANDS, INDONESIA",??11011868,2019-03-06 13:57
16.33,-85.52,4.3,10,NORTH OF HONDURAS,??11011859,2019-03-06 10:15
14.61,-93.66,4.1,34,"NEAR COAST OF CHIAPAS, MEXICO",??11011851,2019-03-06 9:17
51.29,176.46,4.3,10,"RAT ISLANDS, ALEUTIAN ISLANDS",??11011846,2019-03-06 8:52
2.26,126.92,4.7,51,NORTHERN MOLUCCA SEA,??11011844,2019-03-06 8:39
-36.24,-97.51,5.6,10,WEST CHILE RISE,??11011831,2019-03-06 7:20
-22.74,171.58,4.7,10,SOUTHEAST OF LOYALTY ISLANDS,??11011813,2019-03-06 5:28
-55.44,-1.67,5.3,10,BOUVET ISLAND REGION,??11011806,2019-03-06 5:11
10.98,-74.79,4.5,47,NEAR NORTH COAST OF COLOMBIA,??11011804,2019-03-06 1:48
8.53,126.95,5.7,18,"MINDANAO, PHILIPPINES",??11011746,2019-03-06 0:13
10.72,-61.42,4.4,57,TRINIDAD,??11011811,2019-03-06 0:12
-9.83,-75.44,4.8,10,CENTRAL PERU,??11011707,2019-03-05 22:53
14.34,-92.86,4.9,35,"NEAR COAST OF CHIAPAS, MEXICO",??11011696,2019-03-05 21:52
-2.91,129.65,4.8,42,"SERAM, INDONESIA",??11011655,2019-03-05 20:09
-20.63,-177.88,4.5,507,FIJI ISLANDS REGION,??11011630,2019-03-05 18:32
14.43,-92.84,4.6,62,"NEAR COAST OF CHIAPAS, MEXICO",??11011683,2019-03-05 17:44
14.45,-92.66,4.2,65,"NEAR COAST OF CHIAPAS, MEXICO",??11011651,2019-03-05 17:23
51.63,16.14,4.1,5,POLAND,??11011613,2019-03-05 16:55
-29.87,-71.78,4.4,11,NEAR COAST OF CENTRAL CHILE,??11011600,2019-03-05 16:31
14.34,-93.01,5.4,23,"NEAR COAST OF CHIAPAS, MEXICO",??11011569,2019-03-05 15:58
35.99,70.3,4.4,120,"HINDU KUSH REGION, AFGHANISTAN",??11011561,2019-03-05 15:26
-5.87,132.38,4.2,35,"ARU ISLANDS REGION, INDONESIA",??11011618,2019-03-05 14:45
14.36,-92.89,4.8,40,"NEAR COAST OF CHIAPAS, MEXICO",??11011535,2019-03-05 13:45
52.05,175.2,5.1,37,"RAT ISLANDS, ALEUTIAN ISLANDS",??11011521,2019-03-05 12:01
14.39,-92.89,4.8,35,"NEAR COAST OF CHIAPAS, MEXICO",??11011523,2019-03-05 11:41
29.25,139.35,4,407,"SOUTHEAST OF HONSHU, JAPAN",??11011485,2019-03-05 9:08
5.1,94.17,4.6,35,"NORTHERN SUMATRA, INDONESIA",??11011456,2019-03-05 7:27
71.73,-12.09,4.5,10,JAN MAYEN ISLAND REGION,??11011395,2019-03-05 0:57
-2.45,121.58,4.4,10,"SULAWESI, INDONESIA",??11011301,2019-03-04 23:13
42.55,86.8,4.5,10,"NORTHERN XINJIANG, CHINA",??11011299,2019-03-04 22:28
-2.44,121.44,4.8,37,"SULAWESI, INDONESIA",??11011209,2019-03-04 18:13
38.28,-108.91,4.49,1,COLORADO,??11011105,2019-03-04 17:22
-5.05,145.99,4.4,65,"EASTERN NEW GUINEA REG., P.N.G.",??11011065,2019-03-04 15:47
15.87,-98.41,4.2,10,"OFF COAST OF GUERRERO, MEXICO",??11011061,2019-03-04 14:53
-5.1,146.02,4.4,73,"EASTERN NEW GUINEA REG., P.N.G.",??11011049,2019-03-04 14:01
53.56,108.66,4.6,10,"LAKE BAYKAL REGION, RUSSIA",??11011044,2019-03-04 13:02
-5.18,146.21,4.8,10,"EASTERN NEW GUINEA REG., P.N.G.",??11011031,2019-03-04 12:12
-13.54,-76.56,4.5,39,NEAR COAST OF PERU,??11011024,2019-03-04 11:03
-5.23,146.19,5.9,10,"EASTERN NEW GUINEA REG., P.N.G.",??11011011,2019-03-04 10:06
54.75,-160.97,4.4,44,ALASKA PENINSULA,??11010973,2019-03-04 4:51
-56.09,-27.47,4.8,104,SOUTH SANDWICH ISLANDS REGION,??11010988,2019-03-04 4:49
-33.45,-71.27,4,66,NEAR COAST OF CENTRAL CHILE,??11011510,2019-03-04 4:18
-18.05,-172.79,4.6,10,TONGA ISLANDS REGION,??11010950,2019-03-04 0:47
-8.1,122.96,4.6,10,"FLORES REGION, INDONESIA",??11010933,2019-03-03 22:51
-7.98,122.94,4.4,232,FLORES SEA,??11010917,2019-03-03 17:37
16.47,-95.06,4.6,80,"OAXACA, MEXICO",??11010881,2019-03-03 16:57
5.54,126.95,4.2,77,"MINDANAO, PHILIPPINES",??11010873,2019-03-03 16:40
18.59,-101.27,4.9,66,"GUERRERO, MEXICO",??11010858,2019-03-03 15:25
-1.5,120.16,4.9,10,"SULAWESI, INDONESIA",??11010802,2019-03-03 10:45
-30.57,-178.01,5.4,10,"KERMADEC ISLANDS, NEW ZEALAND",??11010800,2019-03-03 10:31
-8.63,-74.4,4.3,152,PERU-BRAZIL BORDER REGION,??11010781,2019-03-03 8:12
28.83,67.41,4.5,16,PAKISTAN,??11010759,2019-03-03 6:33
-12.8,45.5,4.5,10,NORTHWEST OF MADAGASCAR,??11010727,2019-03-03 3:00
11.32,-86.68,4.3,35,NEAR COAST OF NICARAGUA,??11010709,2019-03-03 1:19
1.16,97.22,4.4,35,"NORTHERN SUMATRA, INDONESIA",??11010684,2019-03-02 22:30
-18.65,169.3,4.6,270,VANUATU ISLANDS,??11012631,2019-03-02 20:54
2.79,128.54,4.5,230,"HALMAHERA, INDONESIA",??11012633,2019-03-02 20:46
20.89,121.6,4.5,63,PHILIPPINE ISLANDS REGION,??11012634,2019-03-02 20:34
-33.66,-72.64,5.5,11,OFF COAST OF CENTRAL CHILE,??11010659,2019-03-02 20:21
18.6,120.43,5.6,15,"LUZON, PHILIPPINES",??11010652,2019-03-02 19:46
22.28,143.76,4.9,122,"VOLCANO ISLANDS, JAPAN REGION",??11010630,2019-03-02 16:34
30.88,142.18,5.3,10,"SOUTHEAST OF HONSHU, JAPAN",??11010620,2019-03-02 15:51
18.25,-81.68,4.1,10,NORTH OF HONDURAS,??11010589,2019-03-02 12:55
-9.79,150.1,4.8,10,"EASTERN NEW GUINEA REG., P.N.G.",??11010585,2019-03-02 12:27
30.37,-114.11,4.3,10,GULF OF CALIFORNIA,??11010575,2019-03-02 11:42
30.67,57.36,4.3,10,NORTHERN AND CENTRAL IRAN,??11010565,2019-03-02 10:04
46.16,149.83,4.6,165,KURIL ISLANDS,??11010556,2019-03-02 8:06
-33.7,-72.53,4.5,10,OFF COAST OF CENTRAL CHILE,??11010555,2019-03-02 7:57
46.52,-27.34,4.9,10,NORTHERN MID-ATLANTIC RIDGE,??11010525,2019-03-02 6:00
41.93,146.95,6,10,"OFF COAST OF HOKKAIDO, JAPAN",??11010494,2019-03-02 3:22
-6.99,155.76,5.2,69,SOLOMON ISLANDS,??11010486,2019-03-02 2:17
16.92,59.91,4.5,10,OWEN FRACTURE ZONE REGION,??11010470,2019-03-02 1:17
30.86,142.25,4.8,12,"SOUTHEAST OF HONSHU, JAPAN",??11010460,2019-03-02 0:47
-7.25,120.3,4.6,559,FLORES SEA,??11010445,2019-03-01 23:51
-0.11,125.13,4.3,54,SOUTHERN MOLUCCA SEA,??11012837,2019-03-01 23:23
-23.98,179.99,4.8,508,SOUTH OF FIJI ISLANDS,??11010435,2019-03-01 22:57
-15.26,-177.39,4.2,405,FIJI ISLANDS REGION,??11012836,2019-03-01 22:49
-30.56,-71.67,5.2,14,NEAR COAST OF CENTRAL CHILE,??11010434,2019-03-01 22:43
36.53,141.06,4.4,43,"NEAR EAST COAST OF HONSHU, JAPAN",??11010346,2019-03-01 21:03
16.97,120.72,4.6,99,"LUZON, PHILIPPINES",??11010422,2019-03-01 20:51
53.97,170.57,4.2,26,"NEAR ISLANDS, ALEUTIAN ISLANDS",??11010420,2019-03-01 19:47
-11.98,167.83,4.8,342,SANTA CRUZ ISLANDS,??11010268,2019-03-01 14:38
-22.26,-68.71,4.2,115,NORTHERN CHILE,??11010247,2019-03-01 11:55
-7.18,129.36,4.4,145,BANDA SEA,??11010240,2019-03-01 10:21
7.25,127.03,4.9,35,PHILIPPINE ISLANDS REGION,??11010224,2019-03-01 9:27
-14.68,-70.13,7,257,CENTRAL PERU,??11010219,2019-03-01 8:50
-6.25,142.71,4.7,35,"NEW GUINEA, PAPUA NEW GUINEA",??11010205,2019-03-01 7:18
20.17,72.84,4,10,SOUTHERN INDIA,??11010192,2019-03-01 5:44
-26.27,27.8,4.8,10,SOUTH AFRICA,??11010527,2019-03-01 4:56
56.43,-148.69,4,10,GULF OF ALASKA,??11010164,2019-03-01 3:41
10.99,-86.38,4.5,35,OFF COAST OF COSTA RICA,??11010160,2019-03-01 3:21
-55.65,-26.46,4.5,10,SOUTH SANDWICH ISLANDS REGION,??11012827,2019-03-01 2:56
13.57,-88.54,4.5,200,EL SALVADOR,??11010153,2019-03-01 2:01
-53.41,159.54,5.8,10,MACQUARIE ISLAND REGION,??11010051,2019-03-01 1:02
5.04,125.38,5.2,181,"MINDANAO, PHILIPPINES",??11010055,2019-03-01 1:00
36.93,71.47,4,190,AFGHANISTAN-TAJIKISTAN BORD REG.,??11010520,2019-03-01 0:39
-28.23,-63.23,5.5,574,"SANTIAGO DEL ESTERO PROV., ARG.",??11009986,2019-03-01 0:13
12.82,124.56,4.2,104,"SAMAR, PHILIPPINES",??11012833,2019-02-28 21:47
50.37,155.61,4.6,142,KURIL ISLANDS,??11009886,2019-02-28 20:45
-17.57,-69.75,4.8,151,PERU-BOLIVIA BORDER REGION,??11009978,2019-02-28 20:43
37.65,20.94,4.9,10,IONIAN SEA,??11009972,2019-02-28 20:09
-37.51,179.19,5.1,10,"OFF E. COAST OF N. ISLAND, N.Z.",??11009876,2019-02-28 19:55
-42.78,-74.21,4.8,24,SOUTHERN CHILE,??11009940,2019-02-28 18:17
27.37,128.66,4.6,42,"RYUKYU ISLANDS, JAPAN",??11009916,2019-02-28 17:52
-4.6,137.83,4.4,44,"IRIAN JAYA, INDONESIA",??11009909,2019-02-28 16:57
-2.06,99.91,4.8,30,"SOUTHERN SUMATRA, INDONESIA",??11009808,2019-02-28 14:18
56.65,-34.49,4.5,10,REYKJANES RIDGE,??11009812,2019-02-28 12:35
-6.01,130.57,4.4,110,BANDA SEA,??11009739,2019-02-28 8:47
67.96,-18.94,4.4,10,ICELAND REGION,??11009733,2019-02-28 7:43
67.92,-18.75,4.4,10,ICELAND REGION,??11009732,2019-02-28 7:37
-8.1,117.88,4.7,10,"SUMBAWA REGION, INDONESIA",??11009729,2019-02-28 7:12
5.67,126.17,4.5,96,"MINDANAO, PHILIPPINES",??11009734,2019-02-28 5:16
7.54,94.17,4.7,10,"NICOBAR ISLANDS, INDIA REGION",??11009712,2019-02-28 5:00
-24.04,-67.07,4.6,187,CHILE-ARGENTINA BORDER REGION,??11009684,2019-02-28 4:10
-10.76,166.09,4.5,120,SANTA CRUZ ISLANDS,??11009649,2019-02-28 1:37
-7.38,105.19,4.7,38,"JAVA, INDONESIA",??11009637,2019-02-28 0:54
68.07,-18.55,4.3,10,ICELAND REGION,??11012638,2019-02-28 0:17
40.93,140.34,4.4,143,"EASTERN HONSHU, JAPAN",??11009631,2019-02-28 0:13
7.3,94.41,5,114,"NICOBAR ISLANDS, INDIA REGION",??11009623,2019-02-28 0:00
67.97,-18.76,4.3,10,ICELAND REGION,??11012645,2019-02-27 23:52
-1.3,101.6,5.4,10,"SOUTHERN SUMATRA, INDONESIA",??11009614,2019-02-27 23:27
2.27,-97.82,4.5,10,WEST OF GALAPAGOS ISLANDS,??11009728,2019-02-27 14:41
2.3,-97.83,4.6,10,WEST OF GALAPAGOS ISLANDS,??11009727,2019-02-27 14:31
15.39,-91.72,4.5,189,MEXICO-GUATEMALA BORDER REGION,??11009452,2019-02-27 13:53
2.01,-97.84,4.5,10,WEST OF GALAPAGOS ISLANDS,??11009444,2019-02-27 12:48
14.02,-93.71,4.1,10,"NEAR COAST OF CHIAPAS, MEXICO",??11009424,2019-02-27 9:51
14.59,-93.69,4.5,37,"NEAR COAST OF CHIAPAS, MEXICO",??11009403,2019-02-27 9:16
-57.4,-23.6,5,10,SOUTH SANDWICH ISLANDS REGION,??11009306,2019-02-27 6:28
-6.68,129.81,5,166,BANDA SEA,??11009302,2019-02-27 6:09
33.12,47.62,4.5,10,WESTERN IRAN,??11009459,2019-02-27 5:42
12.79,-60.66,4.5,66,WINDWARD ISLANDS,??11009290,2019-02-27 5:13
53.61,161.6,4.5,35,OFF EAST COAST OF KAMCHATKA,??11009300,2019-02-27 5:11
-49.53,-116.39,5.1,10,SOUTHERN EAST PACIFIC RISE,??11009267,2019-02-27 2:44
-21.98,-179.46,4.9,587,FIJI ISLANDS REGION,??11009256,2019-02-27 2:00
38.34,142.16,5,29,"NEAR EAST COAST OF HONSHU, JAPAN",??11009243,2019-02-27 0:55
5.19,127.28,4.8,111,PHILIPPINE ISLANDS REGION,??11009229,2019-02-27 0:11
18.87,-107.59,4,10,"OFF COAST OF JALISCO, MEXICO",??11009237,2019-02-26 23:26
14.32,-92.93,4.4,23,"NEAR COAST OF CHIAPAS, MEXICO",??11012653,2019-02-26 22:36
4.48,128.28,4.1,10,"NORTH OF HALMAHERA, INDONESIA",??11013086,2019-02-26 22:00
-12.63,45.56,4.8,10,NORTHWEST OF MADAGASCAR,??11009132,2019-02-26 18:00
-20.96,-68.98,4.1,91,CHILE-BOLIVIA BORDER REGION,??11009082,2019-02-26 14:41
34.68,140.19,4.4,66,"NEAR EAST COAST OF HONSHU, JAPAN",??11009042,2019-02-26 12:20
-4.02,129.56,5,115,BANDA SEA,??11009041,2019-02-26 12:15
-21.18,-68.73,4.4,140,CHILE-BOLIVIA BORDER REGION,??11009048,2019-02-26 11:23
-30.22,-71.46,4.9,52,NEAR COAST OF CENTRAL CHILE,??11009014,2019-02-26 8:47
-11.43,119.23,4.3,35,"SOUTH OF SUMBA, INDONESIA",??11008975,2019-02-26 4:18
66.27,-157.25,4.1,9,NORTHERN ALASKA,??11008964,2019-02-26 4:09
36.5,70.72,4.5,159,"HINDU KUSH REGION, AFGHANISTAN",??11008920,2019-02-26 0:23
-10.14,118.95,4.1,36,"SOUTH OF SUMBAWA, INDONESIA",??11008905,2019-02-25 23:30
-29.67,-71.33,4.6,39,NEAR COAST OF CENTRAL CHILE,??11008903,2019-02-25 22:54
12.99,-88.72,4.5,64,OFF COAST OF CENTRAL AMERICA,??11008904,2019-02-25 22:29
28.39,69.06,4.2,10,PAKISTAN,??11008867,2019-02-25 21:12
45.02,147.86,5,96,KURIL ISLANDS,??11008769,2019-02-25 17:13
-55.97,147.09,4.6,10,WEST OF MACQUARIE ISLAND,??11013206,2019-02-25 16:46
1.43,127.31,4.2,147,"HALMAHERA, INDONESIA",??11013186,2019-02-25 16:43
4.31,-32.68,4.9,10,CENTRAL MID-ATLANTIC RIDGE,??11008761,2019-02-25 15:47
-29.78,-71.81,5.3,10,NEAR COAST OF CENTRAL CHILE,??11008723,2019-02-25 15:28
-42.51,173.92,4.2,13,"SOUTH ISLAND, NEW ZEALAND",??11008730,2019-02-25 15:08
4.29,-32.62,5.5,10,CENTRAL MID-ATLANTIC RIDGE,??11008721,2019-02-25 15:05
43.98,148.29,4.6,35,EAST OF KURIL ISLANDS,??11008725,2019-02-25 14:49
-21.5,-68.66,4.4,110,CHILE-BOLIVIA BORDER REGION,??11008712,2019-02-25 14:35
29.5,104.63,4.9,10,"SICHUAN, CHINA",??11008579,2019-02-25 5:15
-4.47,151.88,5,159,"NEW BRITAIN REGION, P.N.G.",??11008563,2019-02-25 5:01
5.56,125.55,4.1,158,"MINDANAO, PHILIPPINES",??11013292,2019-02-25 1:53
14.16,-92.68,4.3,15,"NEAR COAST OF CHIAPAS, MEXICO",??11012662,2019-02-25 0:47
29.47,104.56,4.6,10,"SICHUAN, CHINA",??11008528,2019-02-25 0:40
12.74,-88.51,4.5,54,OFF COAST OF CENTRAL AMERICA,??11008506,2019-02-24 23:58
-12.89,45.45,4.2,10,NORTHWEST OF MADAGASCAR,??11012820,2019-02-24 23:08
40.39,-125.07,4.2,11,OFF COAST OF NORTHERN CALIFORNIA,??11008482,2019-02-24 21:05
-10.59,165.76,5.1,113,SANTA CRUZ ISLANDS,??11008472,2019-02-24 19:50
17.79,120.34,4.5,49,"LUZON, PHILIPPINES",??11008488,2019-02-24 19:27
10.34,93.92,4.4,10,"ANDAMAN ISLANDS, INDIA REGION",??11008485,2019-02-24 17:12
-10.93,165.97,4.2,35,SANTA CRUZ ISLANDS,??11012055,2019-02-24 16:49
71.89,-1.22,4.5,10,JAN MAYEN ISLAND REGION,??11008438,2019-02-24 15:13
71.73,-1.08,4.2,10,JAN MAYEN ISLAND REGION,??11008432,2019-02-24 14:18
0.52,122.2,5.1,93,"MINAHASSA PENINSULA, SULAWESI",??11008418,2019-02-24 13:29
71.77,-1.19,4.3,10,JAN MAYEN ISLAND REGION,??11008402,2019-02-24 12:00
37.3,20.73,4.3,10,IONIAN SEA,??11008412,2019-02-24 10:41
36.07,70.32,4.1,122,"HINDU KUSH REGION, AFGHANISTAN",??11008411,2019-02-24 9:37
16.06,-93.97,4,79,"CHIAPAS, MEXICO",??11008389,2019-02-24 8:48
-57.6,157.62,5.5,10,MACQUARIE ISLAND REGION,??11008371,2019-02-24 6:00
53.45,-163.63,4,10,"UNIMAK ISLAND REGION, ALASKA",??11008370,2019-02-24 5:07
12.6,-89.19,4.5,35,OFF COAST OF CENTRAL AMERICA,??11008358,2019-02-24 3:07
-18.08,-177.94,4.2,610,FIJI ISLANDS REGION,??11012191,2019-02-24 2:40
1.67,127.53,4.6,117,"HALMAHERA, INDONESIA",??11008351,2019-02-24 1:46
11.54,-86.89,4.4,35,NEAR COAST OF NICARAGUA,??11008349,2019-02-24 1:25
37.5,141.99,4.4,26,"NEAR EAST COAST OF HONSHU, JAPAN",??11008338,2019-02-24 0:33
51.85,177.75,4,81,"RAT ISLANDS, ALEUTIAN ISLANDS",??11013072,2019-02-23 23:31
4.73,127.5,4.3,155,"TALAUD ISLANDS, INDONESIA",??11013070,2019-02-23 21:59
29.5,104.54,4.9,10,"SICHUAN, CHINA",??11008307,2019-02-23 21:38
64.64,-17.57,4.5,10,ICELAND,??11008316,2019-02-23 21:24
-2.61,100.2,4.2,29,"SOUTHERN SUMATRA, INDONESIA",??11013042,2019-02-23 21:19
-41.73,174.13,4.1,19,"COOK STRAIT, NEW ZEALAND",??11008362,2019-02-23 20:56
13.8,144.56,4.5,148,MARIANA ISLANDS,??11013038,2019-02-23 20:54
-23.4,-67.68,4.1,140,CHILE-ARGENTINA BORDER REGION,??11013036,2019-02-23 20:41
-20.94,169.21,4.6,10,VANUATU ISLANDS,??11013032,2019-02-23 20:11
16.92,-60.54,4.1,26,LEEWARD ISLANDS,??11008301,2019-02-23 19:58
19.26,-67.8,4.2,77,MONA PASSAGE,??11008293,2019-02-23 19:21
-9.76,149.93,5.1,9,"EASTERN NEW GUINEA REG., P.N.G.",??11008275,2019-02-23 17:40
-21.68,-63.19,4.9,23,SOUTHERN BOLIVIA,??11008258,2019-02-23 16:34
-23.13,-66.65,5,204,"JUJUY PROVINCE, ARGENTINA",??11008211,2019-02-23 12:14
1.11,128.21,5,10,"HALMAHERA, INDONESIA",??11008205,2019-02-23 11:43
37.2,71.81,4,170,AFGHANISTAN-TAJIKISTAN BORD REG.,??11008197,2019-02-23 11:07
-23.42,-69.44,4.1,104,NORTHERN CHILE,??11008193,2019-02-23 9:55
37.04,141.9,4.4,43,"NEAR EAST COAST OF HONSHU, JAPAN",??11008161,2019-02-23 6:48
32.7,129.97,4.6,10,"KYUSHU, JAPAN",??11008157,2019-02-23 5:30
56.37,-148.52,4.4,12,GULF OF ALASKA,??11008145,2019-02-23 4:45
14.89,120.19,4.9,72,"LUZON, PHILIPPINES",??11008140,2019-02-23 4:14
50.82,-172.52,4.1,10,"ANDREANOF ISLANDS, ALEUTIAN IS.",??11008130,2019-02-23 2:51
-2.16,-77.4,4.2,135,PERU-ECUADOR BORDER REGION,??11011807,2019-02-23 2:40
-6.85,116.48,4.1,528,BALI SEA,??11008133,2019-02-23 2:18
34.6,23.93,4.2,35,"CRETE, GREECE",??11008120,2019-02-23 2:06
6.78,127.8,4.6,10,PHILIPPINE ISLANDS REGION,??11012826,2019-02-23 0:54
54.27,165.04,4.4,10,KOMANDORSKIYE OSTROVA REGION,??11008044,2019-02-22 23:37
-17.84,-13.52,5.5,10,SOUTHERN MID-ATLANTIC RIDGE,??11008001,2019-02-22 21:15
-20.86,-70.71,4.4,19,NEAR COAST OF NORTHERN CHILE,??11007967,2019-02-22 18:13
-7.73,127.63,4.5,186,BANDA SEA,??11007877,2019-02-22 12:54
-8.45,-75.14,4.6,124,CENTRAL PERU,??11007875,2019-02-22 12:31
-2.3,-79.73,5.5,82,NEAR COAST OF ECUADOR,??11007861,2019-02-22 10:40
-2.2,-77.02,7.5,132,PERU-ECUADOR BORDER REGION,??11007849,2019-02-22 10:17
-30.76,-71.01,4.6,89,NEAR COAST OF CENTRAL CHILE,??11007845,2019-02-22 9:25
49.37,156.22,4.7,35,KURIL ISLANDS,??11007833,2019-02-22 8:01
45.92,-111.34,4.04,4,MONTANA,??11007824,2019-02-22 6:44
-31.32,-71.17,4.5,90,NEAR COAST OF CENTRAL CHILE,??11007832,2019-02-22 5:12
26.21,140.53,4.6,10,"BONIN ISLANDS, JAPAN REGION",??11011803,2019-02-22 4:57
-15.24,-173.2,4.9,10,TONGA ISLANDS,??11012123,2019-02-22 3:14
-22.45,-67.78,4.1,177,CHILE-BOLIVIA BORDER REGION,??11007784,2019-02-22 1:44
15.74,-94.62,4.1,46,"NEAR COAST OF OAXACA, MEXICO",??11007717,2019-02-22 0:31
55.7,-149.34,4.6,6,GULF OF ALASKA,??11007714,2019-02-22 0:28
63.01,-57.23,4.9,10,DAVIS STRAIT,??11007695,2019-02-21 22:51
-15.27,-73,5.2,69,SOUTHERN PERU,??11007679,2019-02-21 22:17
6.31,94.23,4.6,73,"NICOBAR ISLANDS, INDIA REGION",??11007999,2019-02-21 19:34
51.82,-173.3,4.1,51,"ANDREANOF ISLANDS, ALEUTIAN IS.",??11007619,2019-02-21 17:13
54.75,164.54,4.8,10,KOMANDORSKIYE OSTROVA REGION,??11007567,2019-02-21 16:07
42.81,141.95,5.5,41,"HOKKAIDO, JAPAN REGION",??11007545,2019-02-21 12:22
12.62,-87.79,4.4,65,NEAR COAST OF NICARAGUA,??11009762,2019-02-21 11:44
-11.19,162.07,5.1,40,SOLOMON ISLANDS,??11007536,2019-02-21 10:50
52.4,-168.54,4.2,29,"FOX ISLANDS, ALEUTIAN ISLANDS",??11007523,2019-02-21 8:52
13.46,-89.71,4.2,65,EL SALVADOR,??11007529,2019-02-21 8:52
-20.85,-70.69,4.5,12,NEAR COAST OF NORTHERN CHILE,??11007511,2019-02-21 7:37
-20.86,-178.83,5.6,617,FIJI ISLANDS REGION,??11007500,2019-02-21 6:34
52.27,160.51,4.4,35,OFF EAST COAST OF KAMCHATKA,??11007485,2019-02-21 5:42
28.54,129.99,4.9,35,"RYUKYU ISLANDS, JAPAN",??11007418,2019-02-21 2:11
-24.31,-67.12,4.5,183,CHILE-ARGENTINA BORDER REGION,??11007406,2019-02-21 0:42
-12.75,45.41,4.3,10,NORTHWEST OF MADAGASCAR,??11012883,2019-02-20 23:34
-3.6,129.3,4.2,15,"SERAM, INDONESIA",??11012879,2019-02-20 23:17
39.7,26.38,5.1,10,TURKEY,??11007234,2019-02-20 18:23
-5.43,151.66,4.9,35,"NEW BRITAIN REGION, P.N.G.",??11007167,2019-02-20 14:45
-37.1,177.58,4.6,125,"OFF E. COAST OF N. ISLAND, N.Z.",??11007818,2019-02-20 14:18
53.68,161.16,4.6,40,OFF EAST COAST OF KAMCHATKA,??11007817,2019-02-20 14:13
14.68,53.71,5,10,OWEN FRACTURE ZONE REGION,??11007151,2019-02-20 12:33
34.66,24.07,4.4,44,"CRETE, GREECE",??11007140,2019-02-20 10:43
-24.2,-66.95,4.4,188,"SALTA PROVINCE, ARGENTINA",??11007147,2019-02-20 10:22
19.19,99.63,4.6,10,THAILAND,??11007134,2019-02-20 9:05
38.74,-112.5,4.04,8,UTAH,??11007112,2019-02-20 7:05
-6.86,129.19,4.6,206,BANDA SEA,??11007108,2019-02-20 6:50
38.54,97.15,4.8,11,"QINGHAI, CHINA",??11007084,2019-02-20 3:40
28.28,130.2,4.8,10,"RYUKYU ISLANDS, JAPAN",??11007079,2019-02-20 3:18
29.34,77.32,4,10,NORTHERN INDIA,??11007072,2019-02-20 2:29
-15.53,129.27,4.3,10,"NORTHERN TERRITORY, AUSTRALIA",??11012623,2019-02-20 2:26
0.12,119.71,4.3,40,"MINAHASSA PENINSULA, SULAWESI",??11012622,2019-02-20 1:52
38.52,68.98,4.6,10,TAJIKISTAN,??11007063,2019-02-20 1:35
51.4,-176.85,4.1,35,"ANDREANOF ISLANDS, ALEUTIAN IS.",??11007073,2019-02-20 1:14
0.76,126.2,5.5,27,NORTHERN MOLUCCA SEA,??11006978,2019-02-20 0:10
-14.59,167.22,4.7,184,VANUATU ISLANDS,??11012865,2019-02-19 22:00
40.38,27.08,4.1,10,TURKEY,??11006936,2019-02-19 21:33
-37.31,179.08,4.5,48,"OFF E. COAST OF N. ISLAND, N.Z.",??11007262,2019-02-19 20:41
-6.56,101.78,5.1,10,"SOUTHWEST OF SUMATRA, INDONESIA",??11006827,2019-02-19 18:46
38.39,75.13,4.4,115,"SOUTHERN XINJIANG, CHINA",??11007198,2019-02-19 17:33
-24.88,179.85,4.5,510,SOUTH OF FIJI ISLANDS,??11007169,2019-02-19 17:24
-7.51,130.33,4.5,35,"TANIMBAR ISLANDS REG., INDONESIA",??11006862,2019-02-19 16:55
47.69,153.45,4.3,45,KURIL ISLANDS,??11011216,2019-02-19 16:44
-16.51,-177.82,4.3,205,FIJI ISLANDS REGION,??11011083,2019-02-19 16:31
38.83,141.68,4.6,71,"NEAR EAST COAST OF HONSHU, JAPAN",??11006853,2019-02-19 16:24
-32.47,-178.1,4.6,10,SOUTH OF KERMADEC ISLANDS,??11011068,2019-02-19 15:56
-29.92,-178.36,4.6,14,"KERMADEC ISLANDS, NEW ZEALAND",??11011062,2019-02-19 14:16
14.51,-93.12,4.5,36,"NEAR COAST OF CHIAPAS, MEXICO",??11011059,2019-02-19 14:13
-20.93,168.7,4.8,5,LOYALTY ISLANDS,??11006793,2019-02-19 13:33
6.88,124.99,4.4,4,"MINDANAO, PHILIPPINES",??11011055,2019-02-19 13:28
4.1,128.36,4.9,10,"NORTH OF HALMAHERA, INDONESIA",??11006798,2019-02-19 12:51
-5.73,129.06,4.7,247,BANDA SEA,??11006778,2019-02-19 11:24
-3.38,146.99,4.6,10,BISMARCK SEA,??11006781,2019-02-19 11:06
4.16,-76.82,4.6,66,COLOMBIA,??11006787,2019-02-19 11:06
-8.95,-108.96,4.7,10,CENTRAL EAST PACIFIC RISE,??11006776,2019-02-19 9:50
-14.61,-75.62,4.9,52,NEAR COAST OF PERU,??11006861,2019-02-19 8:32
-13.53,167.28,4.6,198,VANUATU ISLANDS,??11006760,2019-02-19 8:10
-11.05,-75.56,4.5,116,CENTRAL PERU,??11006763,2019-02-19 6:11
-28.01,-71.45,4.8,25,NEAR COAST OF CENTRAL CHILE,??11007054,2019-02-19 5:09
53.44,161.41,4.6,14,OFF EAST COAST OF KAMCHATKA,??11006717,2019-02-19 0:26
-9.8,112.77,4.2,35,"SOUTH OF JAVA, INDONESIA",??11011431,2019-02-18 23:52
19.49,-64.89,4.8,87,VIRGIN ISLANDS,??11006714,2019-02-18 23:38
-9.65,112.83,4.1,35,"SOUTH OF JAVA, INDONESIA",??11012301,2019-02-18 22:21
2.22,96.19,4.3,10,"NORTHERN SUMATRA, INDONESIA",??11006716,2019-02-18 22:11
-9.51,112.86,5.6,22,"SOUTH OF JAVA, INDONESIA",??11006694,2019-02-18 19:30
61.47,-149.96,4.4,38,SOUTHERN ALASKA,??11006679,2019-02-18 17:02
38.59,44.13,4.1,10,TURKEY-IRAN BORDER REGION,??11010915,2019-02-18 16:31
-18.54,169.12,4.2,222,VANUATU ISLANDS,??11010913,2019-02-18 16:23
10.66,125.74,4.5,35,"LEYTE, PHILIPPINES",??11010911,2019-02-18 15:59
-19.18,-172.8,4.9,10,TONGA ISLANDS REGION,??11006675,2019-02-18 15:46
50.04,154.65,4.8,145,KURIL ISLANDS,??11010908,2019-02-18 15:16
-6.58,129.77,4.5,198,BANDA SEA,??11006668,2019-02-18 15:01
-8.49,158.77,4.2,135,SOLOMON ISLANDS,??11010890,2019-02-18 13:25
-5.46,146.75,4.4,157,"EASTERN NEW GUINEA REG., P.N.G.",??11010886,2019-02-18 13:01
30.45,138.5,4.2,422,"SOUTHEAST OF HONSHU, JAPAN",??11006641,2019-02-18 8:01
25.43,125.05,4.6,10,"SOUTHWESTERN RYUKYU ISL., JAPAN",??11006639,2019-02-18 7:32
-0.89,127.29,5,31,"HALMAHERA, INDONESIA",??11006636,2019-02-18 4:15
51.13,179.31,4.4,35,"RAT ISLANDS, ALEUTIAN ISLANDS",??11006614,2019-02-18 3:41
49.95,178.09,4.8,15,SOUTH OF ALEUTIAN ISLANDS,??11006629,2019-02-18 3:41
18.92,-104.34,4.8,35,"NEAR COAST OF JALISCO, MEXICO",??11006613,2019-02-18 3:22
53.54,161.5,4.4,40,OFF EAST COAST OF KAMCHATKA,??11006609,2019-02-18 3:06
-59.89,-26.04,4.6,10,SOUTH SANDWICH ISLANDS REGION,??11012283,2019-02-18 2:03
-59.86,-25.61,4.6,10,SOUTH SANDWICH ISLANDS REGION,??11012277,2019-02-18 1:57
1.67,126.42,5,68,NORTHERN MOLUCCA SEA,??11006604,2019-02-18 1:18
-59.96,-25.66,4.5,10,SOUTH SANDWICH ISLANDS REGION,??11012654,2019-02-17 23:37
-59.91,-25.67,4.6,10,SOUTH SANDWICH ISLANDS REGION,??11012651,2019-02-17 23:26
-59.88,-25.88,5.1,10,SOUTH SANDWICH ISLANDS REGION,??11006606,2019-02-17 23:18
-4.08,121.33,4.5,10,"SULAWESI, INDONESIA",??11006728,2019-02-17 22:40
20.67,122.14,4.7,171,PHILIPPINE ISLANDS REGION,??11008137,2019-02-17 20:36
36.42,141.93,4.8,37,"NEAR EAST COAST OF HONSHU, JAPAN",??11006575,2019-02-17 19:21
36.51,22.92,4.8,10,SOUTHERN GREECE,??11006572,2019-02-17 19:07
-17.99,-177.85,4.7,595,FIJI ISLANDS REGION,??11006574,2019-02-17 18:03
-31.89,57.58,4.9,10,SOUTHWEST INDIAN RIDGE,??11010866,2019-02-17 15:47
53.6,161.62,4.1,10,OFF EAST COAST OF KAMCHATKA,??11010864,2019-02-17 15:43
53.5,161.64,4.5,10,OFF EAST COAST OF KAMCHATKA,??11010861,2019-02-17 15:40
53.58,161.61,4.4,10,OFF EAST COAST OF KAMCHATKA,??11010854,2019-02-17 15:39
53.62,161.69,4.1,10,OFF EAST COAST OF KAMCHATKA,??11010852,2019-02-17 15:36
-0.95,127.7,4.1,10,"HALMAHERA, INDONESIA",??11010845,2019-02-17 15:20
-3.34,152.13,6.4,368,"NEW IRELAND REGION, P.N.G.",??11006560,2019-02-17 14:35
-23.47,-64.69,5,10,"JUJUY PROVINCE, ARGENTINA",??11006664,2019-02-17 13:22
1.15,127.39,4.5,160,"HALMAHERA, INDONESIA",??11006676,2019-02-17 13:18
-54.97,-31.8,4.6,10,SOUTH GEORGIA ISLAND REGION,??11012958,2019-02-17 12:25
-54.98,-31.42,4.7,10,SOUTH GEORGIA ISLAND REGION,??11012957,2019-02-17 12:09
-15.9,-172.63,4.7,10,SAMOA ISLANDS REGION,??11012956,2019-02-17 12:05
-55.1,-31.68,5.1,10,SOUTH GEORGIA ISLAND REGION,??11012953,2019-02-17 11:29
-50.88,-74.62,4.3,13,SOUTHERN CHILE,??11006543,2019-02-17 10:26
-26.4,178.44,4.6,613,SOUTH OF FIJI ISLANDS,??11012947,2019-02-17 10:07
-11.54,118.85,4.6,10,"SOUTH OF SUMBAWA, INDONESIA",??11012945,2019-02-17 9:26
12.1,143.4,4.4,35,SOUTH OF MARIANA ISLANDS,??11010504,2019-02-17 4:45
-16.32,178.84,4.5,10,FIJI ISLANDS,??11010501,2019-02-17 3:08
22.4,92.92,4.8,10,INDIA-BANGLADESH BORDER REGION,??11006517,2019-02-17 2:58
25.28,124.65,5,10,NORTHEAST OF TAIWAN,??11006513,2019-02-17 2:13
29.63,-42.79,4.7,10,NORTHERN MID-ATLANTIC RIDGE,??11010521,2019-02-17 0:04
54.84,163.27,4.1,10,OFF EAST COAST OF KAMCHATKA,??11007480,2019-02-16 23:22
-12.11,-74.21,4.3,10,CENTRAL PERU,??11006494,2019-02-16 23:10
-27.96,-66.86,4.2,180,"CATAMARCA PROVINCE, ARGENTINA",??11006514,2019-02-16 22:44
69.46,-144.1,4,11,NORTHERN ALASKA,??11006487,2019-02-16 22:35
-30.74,59.39,4.9,10,SOUTHWEST INDIAN RIDGE,??11006489,2019-02-16 22:28
25.2,124.67,4.4,10,NORTHEAST OF TAIWAN,??11012528,2019-02-16 22:03
53.54,161.36,4.5,35,OFF EAST COAST OF KAMCHATKA,??11012322,2019-02-16 21:49
13.66,144.74,4,99,MARIANA ISLANDS,??11012621,2019-02-16 21:37
4.11,126.95,4.3,35,"TALAUD ISLANDS, INDONESIA",??11006497,2019-02-16 21:09
37.34,20.98,4.1,10,IONIAN SEA,??11007475,2019-02-16 20:53
-10.25,119.13,4.1,35,"SUMBA REGION, INDONESIA",??11012292,2019-02-16 20:05
-6.93,155.57,4.7,35,SOLOMON ISLANDS,??11006414,2019-02-16 12:47
-2.49,140.17,4.7,34,NEAR NORTH COAST OF IRIAN JAYA,??11006405,2019-02-16 11:01
25.29,125.02,5.2,10,"SOUTHWESTERN RYUKYU ISL., JAPAN",??11006446,2019-02-16 10:01
17.44,-102.82,4.6,10,"NEAR COAST OF MICHOACAN, MEXICO",??11006610,2019-02-16 9:29
25.33,124.96,4.9,18,NORTHEAST OF TAIWAN,??11006386,2019-02-16 9:06
-14.52,167.12,4.2,185,VANUATU ISLANDS,??11012940,2019-02-16 7:55
-12.85,45.45,4.5,10,NORTHWEST OF MADAGASCAR,??11012939,2019-02-16 7:37
41.38,-29.25,5.3,10,AZORES ISLANDS REGION,??11006368,2019-02-16 6:45
-2.41,140.2,5.3,9,NEAR NORTH COAST OF IRIAN JAYA,??11006366,2019-02-16 6:39
-24.11,-67.27,4.3,184,CHILE-ARGENTINA BORDER REGION,??11006383,2019-02-16 6:25
41.28,-29.28,4.9,10,AZORES ISLANDS REGION,??11006378,2019-02-16 5:56
41.21,-29.35,4.5,10,AZORES ISLANDS REGION,??11012404,2019-02-16 5:31
47.72,102.75,4.3,10,MONGOLIA,??11012400,2019-02-16 5:23
25.13,124.62,4.5,10,NORTHEAST OF TAIWAN,??11012401,2019-02-16 5:19
9.36,126.12,4.4,101,"MINDANAO, PHILIPPINES",??11012396,2019-02-16 5:08
34.91,-4.55,4.3,67,MOROCCO,??11006540,2019-02-16 4:35
-20.35,-176.41,4.1,519,FIJI ISLANDS REGION,??11010488,2019-02-16 4:13
45.3,151.5,4.8,35,KURIL ISLANDS,??11006345,2019-02-16 2:53
37.54,20.72,4.2,10,IONIAN SEA,??11006334,2019-02-16 1:57
-4.47,102,4.7,35,"SOUTHERN SUMATRA, INDONESIA",??11006331,2019-02-16 1:27
10.73,-86.35,4.3,20,OFF COAST OF COSTA RICA,??11012650,2019-02-16 0:32
-55.72,-124.95,5.6,10,SOUTHERN EAST PACIFIC RISE,??11006952,2019-02-15 23:51
53.99,160.14,4.6,66,NEAR EAST COAST OF KAMCHATKA,??11006191,2019-02-15 23:21
4.23,124.72,4.2,397,CELEBES SEA,??11012637,2019-02-15 22:58
53.67,-162.92,5.1,35,SOUTH OF ALASKA,??11006173,2019-02-15 22:54
-15.17,-178.83,4.6,420,FIJI ISLANDS REGION,??11011443,2019-02-15 22:19
-0.64,-19.94,4.8,10,CENTRAL MID-ATLANTIC RIDGE,??11012636,2019-02-15 22:17
25.59,95.63,4.1,48,MYANMAR-INDIA BORDER REGION,??11011448,2019-02-15 22:11
28.57,141.69,4.5,41,"BONIN ISLANDS, JAPAN REGION",??11013021,2019-02-15 19:08
-12.88,45.27,4.2,10,NORTHWEST OF MADAGASCAR,??11013019,2019-02-15 19:06
51.72,-176.91,4.8,55,"ANDREANOF ISLANDS, ALEUTIAN IS.",??11005938,2019-02-15 18:11
-25.2,-179.88,4.3,487,SOUTH OF FIJI ISLANDS,??11012819,2019-02-15 17:35
6.8,126.82,5.2,82,"MINDANAO, PHILIPPINES",??11005901,2019-02-15 16:20
23.79,121.75,4.9,47,TAIWAN,??11005878,2019-02-15 14:08
-15.77,-174.78,5.3,294,TONGA ISLANDS,??11005871,2019-02-15 13:40
-13.67,-111.67,4.7,10,CENTRAL EAST PACIFIC RISE,??11005855,2019-02-15 12:47
-0.02,126.68,4.5,51,SOUTHERN MOLUCCA SEA,??11012361,2019-02-15 8:21
48.51,152.86,4,140,KURIL ISLANDS,??11012360,2019-02-15 8:11
-27.64,-178.05,4.5,185,KERMADEC ISLANDS REGION,??11012359,2019-02-15 7:53
15.62,-95.67,4.5,14,"NEAR COAST OF OAXACA, MEXICO",??11005797,2019-02-15 7:22
-30.02,-71.39,4.5,37,NEAR COAST OF CENTRAL CHILE,??11005796,2019-02-15 7:00
50.67,-130.1,4,10,"VANCOUVER ISLAND, CANADA REGION",??11005800,2019-02-15 6:27
-18.09,-178.09,4.5,578,FIJI ISLANDS REGION,??11012353,2019-02-15 6:09
-4.02,128.62,4.4,113,BANDA SEA,??11005787,2019-02-15 5:06
-1.84,151.01,4.7,10,"NEW IRELAND REGION, P.N.G.",??11005777,2019-02-15 4:29
-55.09,-31.63,4.5,10,SOUTH GEORGIA ISLAND REGION,??11010461,2019-02-15 3:47
-18.19,-178.1,4.8,583,FIJI ISLANDS REGION,??11005765,2019-02-15 3:47
24.97,141.48,4.6,84,"VOLCANO ISLANDS, JAPAN REGION",??11006259,2019-02-15 3:34
-0.13,122.72,4.3,86,"MINAHASSA PENINSULA, SULAWESI",??11010452,2019-02-15 3:10
-55.16,-31.73,4.9,10,SOUTH GEORGIA ISLAND REGION,??11005753,2019-02-15 2:56
-9.28,123.54,4.5,82,TIMOR REGION,??11005755,2019-02-15 2:50
-55.33,-27.1,4.7,10,SOUTH SANDWICH ISLANDS REGION,??11010437,2019-02-15 1:16
9.77,126.42,4.9,35,"MINDANAO, PHILIPPINES",??11005654,2019-02-14 21:24
5.71,-76.14,4.5,68,COLOMBIA,??11005662,2019-02-14 21:09
35.35,-35.93,5,10,NORTHERN MID-ATLANTIC RIDGE,??11005645,2019-02-14 20:43
35.44,-36.09,6.2,10,NORTHERN MID-ATLANTIC RIDGE,??11005635,2019-02-14 19:57
45.74,151.06,4.6,64,KURIL ISLANDS,??11005665,2019-02-14 18:53
-12.18,-74.33,5.4,10,CENTRAL PERU,??11005560,2019-02-14 14:33
-3.2,-80.68,4.7,10,PERU-ECUADOR BORDER REGION,??11005565,2019-02-14 13:42
51.82,-174.1,4.1,77,"ANDREANOF ISLANDS, ALEUTIAN IS.",??11005564,2019-02-14 13:01
54.77,164.65,4.5,10,KOMANDORSKIYE OSTROVA REGION,??11007114,2019-02-14 12:35
9.8,126.44,4.7,33,"MINDANAO, PHILIPPINES",??11005552,2019-02-14 11:57
-21.2,-68.33,4.5,130,CHILE-BOLIVIA BORDER REGION,??11005539,2019-02-14 9:54
-20.83,-178.7,4.4,598,FIJI ISLANDS REGION,??11012344,2019-02-14 8:45
28.12,55.79,4.2,10,SOUTHERN IRAN,??11005531,2019-02-14 8:00
-5.76,147,4.5,128,"EASTERN NEW GUINEA REG., P.N.G.",??11005530,2019-02-14 7:54
44.5,145.61,4.3,45,"HOKKAIDO, JAPAN REGION",??11012341,2019-02-14 7:25
45.73,150.32,4.9,85,KURIL ISLANDS,??11005521,2019-02-14 7:18
0.63,-77.79,4.8,10,COLOMBIA-ECUADOR BORDER REGION,??11005519,2019-02-14 6:24
-22.15,169.34,4.3,10,SOUTHEAST OF LOYALTY ISLANDS,??11013134,2019-02-14 6:12
-15.26,-71.67,4.5,143,SOUTHERN PERU,??11005491,2019-02-14 4:02
2.3,128.76,4.9,45,"HALMAHERA, INDONESIA",??11005488,2019-02-14 3:42
33.82,137.12,4.5,362,"NEAR S. COAST OF HONSHU, JAPAN",??11005462,2019-02-14 1:45
50.78,-129.99,4.1,10,"VANCOUVER ISLAND, CANADA REGION",??11006527,2019-02-14 0:54
50.71,-130.09,5.3,10,"VANCOUVER ISLAND, CANADA REGION",??11005452,2019-02-14 0:34
19.79,-109.57,4.4,10,REVILLA GIGEDO ISLANDS REGION,??11006384,2019-02-14 0:00
-6.76,105.8,5,67,"SUNDA STRAIT, INDONESIA",??11005449,2019-02-13 23:41
52.21,-168.26,4.3,10,"FOX ISLANDS, ALEUTIAN ISLANDS",??11010037,2019-02-13 23:18
50.54,-130.31,4,10,"VANCOUVER ISLAND, CANADA REGION",??11006523,2019-02-13 23:14
50.51,-130.35,4.1,10,"VANCOUVER ISLAND, CANADA REGION",??11005427,2019-02-13 22:53
25.78,124.16,4.2,218,NORTHEAST OF TAIWAN,??11011795,2019-02-13 21:49
11.66,144.71,4.5,10,SOUTH OF MARIANA ISLANDS,??11011793,2019-02-13 21:26
-56.11,-27.85,4.4,106,SOUTH SANDWICH ISLANDS REGION,??11011789,2019-02-13 21:20
-9.08,112.58,4.7,73,"SOUTH OF JAVA, INDONESIA",??11005707,2019-02-13 19:58
-2.43,138.22,4.7,29,"IRIAN JAYA, INDONESIA",??11005712,2019-02-13 18:38
-11.77,-75.51,4.9,10,CENTRAL PERU,??11005356,2019-02-13 17:03
1.55,127.29,4.4,113,"HALMAHERA, INDONESIA",??11005408,2019-02-13 16:14
-39.97,44.36,4.2,10,SOUTHWEST INDIAN RIDGE,??11012340,2019-02-13 14:39
-55.39,-27.18,4.9,10,SOUTH SANDWICH ISLANDS REGION,??11005300,2019-02-13 13:21
9.8,126.55,4.9,10,"MINDANAO, PHILIPPINES",??11005298,2019-02-13 12:33
45.39,151.32,4.9,35,KURIL ISLANDS,??11005294,2019-02-13 11:44
-24.03,-175.36,5.1,10,SOUTH OF TONGA ISLANDS,??11005289,2019-02-13 10:53
-13.48,166.41,4.9,10,VANUATU ISLANDS,??11005285,2019-02-13 10:38
45.37,151.39,5,23,KURIL ISLANDS,??11005279,2019-02-13 10:02
-2.42,127.32,4.9,41,CERAM SEA,??11005274,2019-02-13 9:32
45.44,151.29,4.9,33,KURIL ISLANDS,??11005273,2019-02-13 9:25
27.65,52.97,4.3,10,SOUTHERN IRAN,??11013127,2019-02-13 9:19
-6.39,143.56,4.8,10,"NEW GUINEA, PAPUA NEW GUINEA",??11005276,2019-02-13 8:59
9.04,-84.11,4.5,34,COSTA RICA,??11005255,2019-02-13 7:23
51.93,179.67,4.1,67,"RAT ISLANDS, ALEUTIAN ISLANDS",??11010005,2019-02-13 7:09
9.75,126.43,4.9,56,"MINDANAO, PHILIPPINES",??11005246,2019-02-13 6:50
54.67,160.67,5.2,91,NEAR EAST COAST OF KAMCHATKA,??11005244,2019-02-13 6:34
-57.47,-25.03,4.9,35,SOUTH SANDWICH ISLANDS REGION,??11005250,2019-02-13 5:56
-31.33,-178.39,5,10,KERMADEC ISLANDS REGION,??11005231,2019-02-13 4:07
-12.89,45.37,4.2,10,NORTHWEST OF MADAGASCAR,??11012273,2019-02-13 1:45
-12.78,45.38,4.1,10,NORTHWEST OF MADAGASCAR,??11011809,2019-02-13 1:06
-18.63,-177.64,4.2,623,FIJI ISLANDS REGION,??11009251,2019-02-12 23:16
-55.72,-27.77,4.4,35,SOUTH SANDWICH ISLANDS REGION,??11011785,2019-02-12 22:47
-12.86,45.28,4.5,10,NORTHWEST OF MADAGASCAR,??11011782,2019-02-12 22:39
13.85,-47.19,4.8,10,NORTHERN MID-ATLANTIC RIDGE,??11005169,2019-02-12 21:32
36.21,141.49,4.2,46,"NEAR EAST COAST OF HONSHU, JAPAN",??11005162,2019-02-12 20:40
-19.19,65.85,4.5,10,MAURITIUS - REUNION REGION,??11010691,2019-02-12 20:26
13.45,91.75,4.4,10,"ANDAMAN ISLANDS, INDIA REGION",??11005153,2019-02-12 20:21
-50.66,112.91,4.7,10,SOUTHEAST INDIAN RIDGE,??11010683,2019-02-12 18:59
23.71,121.63,4.6,8,TAIWAN,??11005063,2019-02-12 18:23
-3.5,146.78,4.1,10,BISMARCK SEA,??11010680,2019-02-12 18:21
-22.11,169.46,4.9,10,SOUTHEAST OF LOYALTY ISLANDS,??11010676,2019-02-12 17:37
40.5,32.97,4.2,10,TURKEY,??11005043,2019-02-12 17:23
40.58,32.96,4.8,10,TURKEY,??11005036,2019-02-12 17:14
24.84,122.58,4.5,11,TAIWAN REGION,??11005029,2019-02-12 16:39
-29.11,-179.07,4.1,346,KERMADEC ISLANDS REGION,??11009559,2019-02-12 16:03
51.99,-174.38,4,4,"ANDREANOF ISLANDS, ALEUTIAN IS.",??11005022,2019-02-12 15:59
60.68,170.29,4.1,10,"EASTERN SIBERIA, RUSSIA",??11005015,2019-02-12 15:25
44.51,142.14,4.2,234,"HOKKAIDO, JAPAN REGION",??11004992,2019-02-12 14:55
22.87,101.44,4.5,10,MYANMAR-CHINA BORDER REGION,??11004999,2019-02-12 14:49
-29.68,-71.3,4.1,35,NEAR COAST OF CENTRAL CHILE,??11004987,2019-02-12 14:13
19.07,145.77,5.9,130,MARIANA ISLANDS,??11004972,2019-02-12 12:34
-15.06,168.09,5.1,10,VANUATU ISLANDS,??11004951,2019-02-12 10:53
-8.37,116.79,4.6,10,"SUMBAWA REGION, INDONESIA",??11004942,2019-02-12 10:05
-3.04,146.27,5.1,10,BISMARCK SEA,??11004937,2019-02-12 9:45
4.93,126.34,5,78,"TALAUD ISLANDS, INDONESIA",??11004923,2019-02-12 8:01
36.61,70.92,4.2,214,"HINDU KUSH REGION, AFGHANISTAN",??11012937,2019-02-12 7:23
44.55,-129.44,4.2,10,OFF COAST OF OREGON,??11004894,2019-02-12 3:52
-35.66,-99.98,4.8,10,SOUTHEAST OF EASTER ISLAND,??11004888,2019-02-12 2:55
2.75,127.29,4.5,35,NORTHERN MOLUCCA SEA,??11004883,2019-02-12 2:50
14.46,85.73,4.9,10,BAY OF BENGAL,??11004864,2019-02-12 1:32
-12.75,45.53,4.5,10,NORTHWEST OF MADAGASCAR,??11011415,2019-02-11 23:58
-15.76,-172.18,5,10,SAMOA ISLANDS REGION,??11004825,2019-02-11 23:27
31.02,142.38,4.9,10,"SOUTHEAST OF HONSHU, JAPAN",??11004822,2019-02-11 23:26
-3.81,131.64,4.1,10,"IRIAN JAYA REGION, INDONESIA",??11008976,2019-02-11 22:55
24.05,141.79,4.3,74,"VOLCANO ISLANDS, JAPAN REGION",??11008973,2019-02-11 21:36
1.87,128.31,4.3,35,"HALMAHERA, INDONESIA",??11012488,2019-02-11 17:44
51.54,156.91,4.9,137,"KAMCHATKA PENINSULA, RUSSIA",??11004700,2019-02-11 17:28
9.85,126.29,4.6,35,"MINDANAO, PHILIPPINES",??11009546,2019-02-11 16:39
36.43,28.91,4.1,10,"DODECANESE ISLANDS, GREECE",??11004671,2019-02-11 16:38
-18.02,-178,4.3,571,FIJI ISLANDS REGION,??11009526,2019-02-11 16:18
6.06,-82.65,4.9,10,SOUTH OF PANAMA,??11004648,2019-02-11 15:17
2.41,129.34,4.2,10,"HALMAHERA, INDONESIA",??11009518,2019-02-11 15:07
36.72,71.37,4.2,182,AFGHANISTAN-TAJIKISTAN BORD REG.,??11004640,2019-02-11 14:54
-23.11,-179.44,4.3,432,SOUTH OF FIJI ISLANDS,??11009512,2019-02-11 14:15
0.24,126.08,4.5,10,NORTHERN MOLUCCA SEA,??11009509,2019-02-11 14:09
-34.27,-70.79,4.3,95,CHILE-ARGENTINA BORDER REGION,??11004633,2019-02-11 13:56
27.07,55.63,4.5,10,SOUTHERN IRAN,??11004557,2019-02-11 4:12
-18.75,169.36,4.2,250,VANUATU ISLANDS,??11004551,2019-02-11 2:35
13.2,-87.72,4.7,193,HONDURAS,??11004539,2019-02-11 0:08
50.72,-130.1,4.1,10,"VANCOUVER ISLAND, CANADA REGION",??11004541,2019-02-11 0:02
-7.3,122.99,4.6,574,FLORES SEA,??11004527,2019-02-10 22:54
10.27,-62.38,4.7,10,NEAR COAST OF VENEZUELA,??11004529,2019-02-10 22:52
-28.02,-70.72,4.3,95,CENTRAL CHILE,??11004518,2019-02-10 21:00
15.78,-94.71,4.5,63,"NEAR COAST OF OAXACA, MEXICO",??11004499,2019-02-10 17:33
-16.82,-174.46,4.5,191,TONGA ISLANDS,??11004497,2019-02-10 17:12
9.89,126.41,4.6,35,"MINDANAO, PHILIPPINES",??11004490,2019-02-10 16:48
42.44,141.42,4.4,109,"HOKKAIDO, JAPAN REGION",??11004469,2019-02-10 15:59
27.01,55.58,4.3,10,SOUTHERN IRAN,??11009473,2019-02-10 14:56
9.8,126.27,4.5,35,"MINDANAO, PHILIPPINES",??11009471,2019-02-10 14:54
-6.45,143.1,4.2,35,"NEW GUINEA, PAPUA NEW GUINEA",??11009465,2019-02-10 14:42
9.89,126.13,4.8,35,"MINDANAO, PHILIPPINES",??11009462,2019-02-10 14:39
9.82,126.37,5.2,35,"MINDANAO, PHILIPPINES",??11004457,2019-02-10 14:33
52.12,-175.98,4,159,"ANDREANOF ISLANDS, ALEUTIAN IS.",??11004464,2019-02-10 14:33
-4.65,101.48,4.6,10,"SOUTHERN SUMATRA, INDONESIA",??11004460,2019-02-10 14:17
-4.57,101.56,4.6,35,"SOUTHERN SUMATRA, INDONESIA",??11004459,2019-02-10 14:08
9.78,126.21,4.4,35,"MINDANAO, PHILIPPINES",??11009457,2019-02-10 14:04
-27.04,-176.46,4.5,22,KERMADEC ISLANDS REGION,??11009453,2019-02-10 13:44
66.31,-157.23,4.6,8,NORTHERN ALASKA,??11004444,2019-02-10 13:35
9.8,126.16,4.6,64,"MINDANAO, PHILIPPINES",??11009202,2019-02-10 13:35
-15.11,-173.49,5.1,10,TONGA ISLANDS,??11004445,2019-02-10 13:27
-17.3,-178.21,4.3,447,FIJI ISLANDS REGION,??11009195,2019-02-10 13:27
-24.08,-66.73,4.4,196,"SALTA PROVINCE, ARGENTINA",??11004451,2019-02-10 13:22
0.18,126.07,4.3,15,NORTHERN MOLUCCA SEA,??11010587,2019-02-10 11:49
-24.17,-66.86,4.3,176,"SALTA PROVINCE, ARGENTINA",??11010586,2019-02-10 11:44
27.09,55.53,5.4,10,SOUTHERN IRAN,??11004422,2019-02-10 10:54
9.83,126.36,4.2,35,"MINDANAO, PHILIPPINES",??11010576,2019-02-10 10:24
-3.45,130.83,4,10,"SERAM, INDONESIA",??11010570,2019-02-10 9:09
-14.18,-75.69,4.3,64,NEAR COAST OF PERU,??11004408,2019-02-10 8:49
2.75,126.95,4.2,59,NORTHERN MOLUCCA SEA,??11012911,2019-02-10 7:37
2.6,126.98,4.7,56,NORTHERN MOLUCCA SEA,??11004381,2019-02-10 5:42
28.19,129.53,4.9,36,"RYUKYU ISLANDS, JAPAN",??11004379,2019-02-10 5:34
-58.77,-26.52,4.9,107,SOUTH SANDWICH ISLANDS REGION,??11009911,2019-02-10 4:04
21.18,143.48,4.5,141,MARIANA ISLANDS REGION,??11004363,2019-02-10 3:54
-22.65,170.57,4.7,35,SOUTHEAST OF LOYALTY ISLANDS,??11009906,2019-02-10 3:29
27.33,96.36,5,10,MYANMAR-INDIA BORDER REGION,??11004359,2019-02-10 3:22
10,126.38,4.8,35,"MINDANAO, PHILIPPINES",??11004357,2019-02-10 3:06
2.2,126.84,4.4,35,NORTHERN MOLUCCA SEA,??11009710,2019-02-10 2:22
4.79,-75.46,4.6,152,COLOMBIA,??11009699,2019-02-10 2:21
0.38,126.26,5,35,NORTHERN MOLUCCA SEA,??11004342,2019-02-10 2:05
9.71,125.95,4.6,10,"MINDANAO, PHILIPPINES",??11009695,2019-02-10 1:49
2.67,127.2,4.6,35,NORTHERN MOLUCCA SEA,??11004340,2019-02-10 1:41
37.22,141.21,4.2,35,"NEAR EAST COAST OF HONSHU, JAPAN",??11009669,2019-02-10 1:30
-17.69,-178.2,4.5,587,FIJI ISLANDS REGION,??11009691,2019-02-10 1:29
-59.05,-25.19,4.5,35,SOUTH SANDWICH ISLANDS REGION,??11009665,2019-02-10 1:22
2.65,127.01,4.5,35,NORTHERN MOLUCCA SEA,??11009647,2019-02-10 1:15
2.58,127.07,5,35,NORTHERN MOLUCCA SEA,??11004336,2019-02-10 1:08
2.69,127.22,4.6,35,NORTHERN MOLUCCA SEA,??11004338,2019-02-10 1:06
-8.37,108.62,4.2,39,"JAVA, INDONESIA",??11011777,2019-02-10 0:58
40.41,141.9,4.1,61,"NEAR EAST COAST OF HONSHU, JAPAN",??11010529,2019-02-10 0:54
9.85,126.32,4.3,10,"MINDANAO, PHILIPPINES",??11010526,2019-02-10 0:37
-58.84,-25.04,4.3,10,SOUTH SANDWICH ISLANDS REGION,??11010523,2019-02-10 0:27
-22.83,-68.72,4.2,104,NORTHERN CHILE,??11004323,2019-02-09 23:40
-14.89,-178.4,4.9,368,FIJI ISLANDS REGION,??11004317,2019-02-09 23:01
-16.61,177.5,4.6,10,FIJI ISLANDS,??11010517,2019-02-09 22:46
9.86,126.27,4.7,35,"MINDANAO, PHILIPPINES",??11011754,2019-02-09 22:23
9.9,126.29,5,10,"MINDANAO, PHILIPPINES",??11004309,2019-02-09 22:21
9.78,126.24,4.5,10,"MINDANAO, PHILIPPINES",??11010508,2019-02-09 22:13
33.31,139.5,4,169,"SOUTHEAST OF HONSHU, JAPAN",??11010505,2019-02-09 22:08
31.68,49.54,4.8,10,WESTERN IRAN,??11004302,2019-02-09 21:26
-15.01,-70.64,4.4,181,SOUTHERN PERU,??11004303,2019-02-09 20:16
2.32,128.79,4.5,41,"HALMAHERA, INDONESIA",??11010493,2019-02-09 19:57
9.94,126.76,4.5,10,"MINDANAO, PHILIPPINES",??11010491,2019-02-09 19:46
-21.65,-68.37,5,115,CHILE-BOLIVIA BORDER REGION,??11004280,2019-02-09 19:23
-22.1,169.82,4.8,10,SOUTHEAST OF LOYALTY ISLANDS,??11010665,2019-02-09 17:17
-20.71,-178.21,4.9,561,FIJI ISLANDS REGION,??11004247,2019-02-09 15:03
18.94,145.47,4.2,217,MARIANA ISLANDS,??11012706,2019-02-09 12:36
-21.56,-68.55,4.7,137,CHILE-BOLIVIA BORDER REGION,??11004220,2019-02-09 11:11
12.31,-89.23,4.2,10,OFF COAST OF CENTRAL AMERICA,??11004211,2019-02-09 10:03
5.53,95.91,4.6,148,"NORTHERN SUMATRA, INDONESIA",??11004198,2019-02-09 9:21
-8.28,121.07,4.5,10,"FLORES REGION, INDONESIA",??11010567,2019-02-09 7:25
27.98,56.6,4.1,10,SOUTHERN IRAN,??11010543,2019-02-09 7:19
-12.88,45.27,4.6,10,NORTHWEST OF MADAGASCAR,??11004179,2019-02-09 7:13
10.28,126.72,4.4,10,PHILIPPINE ISLANDS REGION,??11009612,2019-02-09 4:23